日付,体重 (kg),体脂肪 (kg),骨量 (kg),筋肉量 (kg),体水分率 (kg),コメント
2023-11-16 7:20:11,60.2,11,2.6,46.6,37.4,
2023-11-13 7:31:26,60.4,10.8,2.6,47,37.8,
2023-11-12 7:29:33,61.6,10.8,2.6,48.2,39.2,
2023-10-26 8:02:48,59.8,10.6,2.6,46.6,37.59,
2023-10-24 8:23:26,60.8,10.8,2.6,47.4,38.4,
2023-10-21 9:15:05,59.8,10.2,2.6,47,38,
2023-10-19 8:06:40,59.6,10.2,2.6,46.8,37.8,
2023-10-05 7:11:35,58.6,9.8,2.6,46.2,37.4,
2023-10-04 6:32:52,58.8,9.8,2.6,46.4,37.59,
2023-10-02 7:47:44,59.4,,,,,
2023-10-01 11:16:35,58,9,2.6,46.4,37.8,
2023-09-29 7:02:41,58.8,9.6,2.6,46.6,37.8,
2023-09-28 6:58:51,59.4,9.6,2.6,47.2,38.4,
2023-09-26 9:00:57,58.6,9.8,2.6,46.2,37.4,
2023-09-25 8:15:30,58.4,9.6,2.6,46.2,37.2,
2023-09-24 6:46:55,58,9.6,2.6,45.8,37,
2023-09-24 6:46:20,58,,,,,
2023-09-22 8:14:24,58.4,9.39,2.6,46.4,37.59,
2023-09-21 6:38:17,58.4,9.6,2.6,46.2,37.2,
2023-09-20 7:03:05,58.6,8.6,2.6,47.4,39,
2023-09-16 5:17:26,58.4,9,2.6,46.8,38.4,
2023-09-15 6:31:48,59.2,9.6,2.6,47,38.2,
2023-09-14 6:50:41,58.8,9.39,2.6,46.8,38,
2023-09-13 7:05:26,58.4,9.2,2.6,46.6,37.8,
2023-09-11 7:03:32,59.8,9.39,2.6,47.8,39.2,
2023-09-10 7:02:47,59.2,9.6,2.6,47,38.4,
2023-09-09 7:04:38,58.4,9.2,2.6,46.6,38,
2023-09-07 10:19:27,59.2,9.8,2.6,46.8,38,
2023-09-06 7:57:41,58.6,9.8,2.6,46.2,37.2,
2023-09-06 6:51:24,59.2,10.4,2.6,46.2,37.2,
2023-09-05 6:50:40,59.6,10,2.6,47,38,
2023-09-04 9:21:02,59.4,9.8,2.6,47,38.2,
2023-09-03 7:05:31,59,9.39,2.6,47,38.2,
2023-09-02 11:12:48,58.2,9.8,2.6,45.8,37,
2023-09-01 7:09:07,58.6,9.2,2.6,46.8,38.2,
2023-08-30 7:03:18,59.4,9.8,2.6,47,38.2,
2023-08-29 7:07:20,59.8,9.39,2.6,47.8,39.2,
2023-08-28 7:11:18,59.8,9.6,2.6,47.6,39,
2023-08-27 7:26:29,59.4,9.39,2.6,47.4,38.8,
2023-08-26 7:27:37,58.2,9.2,2.6,46.4,37.8,
2023-08-24 6:03:12,58.4,9.6,2.6,46.2,37.4,
2023-08-23 7:04:35,58.6,9.39,2.6,46.6,37.8,
2023-08-22 7:08:57,59.2,9.6,2.6,47,38.2,
2023-08-21 7:16:08,60,9.8,2.6,47.6,38.8,
2023-08-20 7:27:27,58.6,9.2,2.6,46.8,38,
2023-08-19 7:04:30,58.8,9.8,2.6,46.4,37.59,
2023-08-18 7:00:15,58.4,9.8,2.6,46,37.2,
2023-08-17 6:59:13,59,10.2,2.6,46.2,37.2,
2023-08-16 7:06:16,59.2,9.8,2.6,46.8,37.8,
2023-08-13 6:58:28,60,10.2,2.6,47.2,38.2,
2023-08-12 7:15:40,60.6,10.2,2.6,47.8,39,
2023-08-11 7:03:31,59,9.8,2.6,46.6,37.8,
2023-08-10 7:07:17,59.4,9.8,2.6,47,38.2,
2023-08-09 7:05:29,59.4,9.6,2.6,47.2,38.4,
2023-08-08 7:05:54,60,10,2.6,47.4,38.59,
2023-08-07 7:02:44,60.2,9.8,2.6,47.8,39,
2023-08-06 7:08:23,60.2,9.6,2.6,48,39.2,
2023-08-05 7:04:27,59.8,9.8,2.6,47.4,38.59,
2023-08-04 7:05:06,59.4,10,2.6,46.8,37.8,
2023-08-03 7:05:44,59.2,10,2.6,46.6,37.59,
2023-08-02 7:36:22,59.8,10.2,2.6,47,38,
2023-08-01 7:07:44,59.8,10.2,2.6,47,38.2,
2023-07-31 7:02:10,59.8,10,2.6,47.2,38.4,
2023-07-30 7:15:33,60,9.8,2.6,47.6,38.8,
2023-07-29 7:11:49,60,9.8,2.6,47.6,38.8,
2023-07-27 9:38:16,60,10.4,2.6,47,38,
2023-07-25 7:04:22,60.4,10,2.6,47.8,38.8,
2023-07-24 7:12:08,61,10.4,2.6,48,39,
2023-07-23 7:11:25,60,10.4,2.6,47,38,
2023-07-22 7:09:43,60,10.6,2.6,46.8,37.8,
2023-07-21 7:14:22,60.2,10.6,2.6,47,37.8,
2023-07-17 7:04:28,61.2,10.6,2.6,48,38.8,
2023-07-16 7:09:25,60.8,10.8,2.6,47.4,38.2,
2023-07-15 7:09:34,60.8,10.6,2.6,47.6,38.59,
2023-07-14 7:05:11,61,10.8,2.6,47.6,38.4,
2023-07-13 7:10:20,60.8,10.6,2.6,47.6,38.59,
2023-07-12 7:10:51,60.4,10.4,2.6,47.4,38.4,
2023-07-11 7:04:12,60,10.4,2.6,47,38,
2023-07-10 7:02:47,61,10.2,2.6,48.2,39.4,
2023-07-09 7:20:40,60.8,10.6,2.6,47.6,38.4,
2023-07-08 7:18:44,60.6,10.4,2.6,47.6,38.59,
2023-07-06 5:56:25,61.2,10.4,2.6,48.2,39.2,
2023-07-05 7:06:45,60,10.6,2.6,46.8,37.59,
2023-07-04 7:53:15,60.8,10.6,2.6,47.6,38.59,
2023-06-30 7:05:14,61,10.6,2.6,47.8,38.59,
2023-06-27 13:41:15,61.8,10.6,2.8,48.4,39.59,
2023-06-22 8:47:49,61.4,11.4,2.6,47.4,38,
2023-06-20 8:12:49,61.2,,,,,
2023-06-17 7:57:48,60.6,11.4,2.6,46.6,37.2,
2023-05-08 5:53:29,61.6,11,2.6,48,38.8,
2023-05-07 7:22:16,61.6,10.4,2.8,48.4,39.59,
2023-05-06 7:23:03,62.6,10.8,2.8,49,40.2,
2023-05-05 7:24:11,60.8,10.6,2.6,47.6,38.59,
2023-05-04 7:10:33,61.2,11,2.6,47.6,38.4,
2023-05-02 7:25:57,61.2,10.8,2.6,47.8,38.59,
2023-05-01 7:13:10,60,10.2,2.6,47.2,38.4,
2023-04-30 7:26:43,59.8,10.4,2.6,46.8,37.8,
2023-04-29 6:43:40,60.4,10.2,2.6,47.6,38.8,
2023-04-28 4:36:34,62.2,11.2,2.8,48.2,39.2,
2023-04-27 7:21:26,61,10.6,2.6,47.8,38.8,
2023-04-26 5:33:48,61.2,10.8,2.6,47.8,38.59,
2023-04-25 7:13:06,60.6,10.2,2.6,47.8,38.8,
2023-04-24 7:02:39,60.2,,,,,
2023-04-23 7:22:34,60.4,11,2.6,46.8,37.8,
2023-04-21 7:22:14,62,10.8,2.8,48.4,39.4,
2023-04-17 7:24:33,61.2,10.8,2.6,47.8,38.8,
2023-04-15 7:13:04,61,,,,,
2023-04-13 7:24:42,62,10.8,2.8,48.4,39.4,
2023-04-11 7:27:00,60.6,10.6,2.6,47.4,38.4,
2023-04-10 7:13:26,61,11,2.6,47.4,38,
2023-04-09 7:19:43,60.2,10.6,2.6,47,37.8,
2023-04-08 7:10:41,61.4,11.2,2.6,47.6,38.4,
2023-04-07 7:18:31,61,10.4,2.6,48,39.2,
2023-04-06 7:18:11,61.2,11,2.6,47.6,38.4,
2023-04-04 7:20:28,61,11,2.6,47.4,38.2,
2023-04-04 7:20:03,61,,,,,
2023-04-03 7:21:14,60.8,10.6,2.6,47.6,38.59,
2023-03-31 7:16:32,60.4,11,2.6,46.8,37.4,
2023-03-30 7:10:10,60.8,10.8,2.6,47.4,38.2,
2023-03-04 8:03:21,58,,,,,
2023-02-26 23:34:02,58.6,,,,,
2023-02-22 7:33:32,60,10.4,2.6,47,37.8,
2023-02-21 9:46:07,60.6,10.6,2.6,47.4,38.4,
2023-02-14 9:41:04,59,10.2,2.6,46.2,37.2,
2023-02-09 10:07:56,59,9.8,2.6,46.6,37.8,
2023-02-04 10:01:51,59.8,10.2,2.6,47,37.8,
2023-02-02 8:59:25,60.4,10.4,2.6,47.4,38.4,
2023-01-23 9:50:47,60.2,10.8,2.6,46.8,37.59,
2023-01-19 6:22:36,61.2,10.8,2.6,47.8,38.8,
2023-01-13 9:11:20,61.4,10.4,2.8,48.2,39.4,
2023-01-07 8:20:44,60.8,,,,,
2023-01-02 10:06:00,61,10.4,2.6,48,39,
2022-12-28 7:05:28,59.8,10.4,2.6,46.8,37.8,
2022-12-26 8:16:01,59.6,9.6,2.6,47.4,38.59,
2022-12-23 9:07:22,59.6,10,2.6,47,38,
2022-12-22 6:17:14,59.4,9.8,2.6,47,38,
2022-12-21 6:10:38,58.6,9.8,2.6,46.2,37.4,
2022-12-19 7:38:25,58.6,9.8,2.6,46.2,37.2,
2022-12-17 10:21:46,58.6,9.8,2.6,46.2,37.2,
2022-12-15 6:20:06,60.2,10,2.6,47.6,38.59,
2022-12-14 5:52:40,59,10.2,2.6,46.2,37.2,
2022-12-13 6:05:28,59.4,9.8,2.6,47,38,
2022-12-12 4:27:35,60.2,10.2,2.6,47.4,38.4,
2022-12-09 6:00:57,59.4,10.2,2.6,46.6,37.4,
2022-12-07 6:11:27,60,10.8,2.6,46.6,37.4,
2022-12-06 5:55:34,60.2,11,2.6,46.6,37.59,
2022-12-05 6:35:50,60,10.2,2.6,47.2,38.4,
2022-12-04 6:29:57,60.4,10.8,2.6,47,38,
2022-12-03 6:10:01,60.8,10.6,2.6,47.6,38.4,
2022-11-29 10:09:22,61.2,,,,,
2022-11-23 12:20:39,59.6,9.6,2.6,47.4,38.59,
2022-11-18 9:30:41,58.2,9.6,2.6,46,37.2,
2022-11-14 7:57:50,60.4,10.6,2.6,47.2,38.2,
2022-11-03 9:46:43,58.6,9.6,2.6,46.4,37.59,
2022-11-01 8:20:27,58.8,9.6,2.6,46.6,37.8,
2022-10-30 8:15:09,59,9.8,2.6,46.6,37.8,
2022-10-29 6:19:27,58,9.8,2.6,45.6,36.59,
2022-10-27 5:46:47,58.6,9.6,2.6,46.4,37.59,
2022-10-26 9:08:31,58.6,9.8,2.6,46.2,37.2,
2022-10-25 9:02:19,57.4,9.2,2.6,45.6,36.59,
2022-10-24 8:06:52,57.8,9.39,2.6,45.8,36.8,
2022-10-23 9:19:36,58.2,9.39,2.6,46.2,37.4,
2022-10-21 8:59:39,60,10.6,2.6,46.8,37.8,
2022-10-19 9:01:39,58,9.39,2.6,46,37.2,
2022-10-18 9:05:47,58.2,9.39,2.6,46.2,37.4,
2022-10-17 8:37:06,58.2,9.6,2.6,46,37.2,
2022-10-14 6:35:51,58.2,9.6,2.6,46,37.2,
2022-10-11 7:17:31,56.6,8.8,2.6,45.2,36.59,
2022-10-10 9:23:11,56.6,9,2.6,45,36.2,
2022-10-09 9:37:28,57.8,9.6,2.6,45.6,36.59,
2022-10-08 8:39:11,57.2,9.6,2.6,45,36,
2022-10-04 5:31:18,58.6,9.39,2.6,46.6,37.8,
2022-09-29 5:09:13,58.2,9.6,2.6,46,37.2,
2022-09-28 4:24:10,58,9.6,2.6,45.8,36.8,
2022-09-27 6:12:07,58.2,9.39,2.6,46.2,37.4,
2022-09-26 4:54:50,59.2,9.6,2.6,47,38.2,
2022-09-25 5:38:50,58.4,9.39,2.6,46.4,37.59,
2022-09-24 4:44:24,57.4,9.2,2.6,45.6,36.8,
2022-09-23 6:53:11,58.4,9.8,2.6,46,37,
2022-09-22 6:08:23,58.6,9.6,2.6,46.4,37.59,
2022-09-18 5:10:40,58.8,9.8,2.6,46.4,37.59,
2022-09-17 6:06:09,58.2,9.6,2.6,46,37.2,
2022-09-16 6:16:24,59.2,10,2.6,46.6,37.8,
2022-09-15 6:27:12,59.6,10.2,2.6,46.8,37.8,
2022-09-07 9:07:10,58.8,10.2,2.6,46,37,
2022-09-06 8:47:06,59.6,10.2,2.6,46.8,37.8,
2022-09-05 7:46:06,59.4,9.8,2.6,47,38.2,
2022-09-01 6:19:03,60.8,10.2,2.6,48,39,
2022-08-31 6:27:37,59.6,10.2,2.6,46.8,37.8,
2022-08-29 6:08:44,59.2,10,2.6,46.6,37.59,
2022-08-28 7:11:25,59.4,10.2,2.6,46.6,37.59,
2022-08-27 8:12:24,59.4,10.2,2.6,46.6,37.4,
2022-08-26 6:42:06,60.2,10.2,2.6,47.4,38.4,
2022-08-23 5:56:02,59.4,9.8,2.6,47,38,
2022-08-20 8:31:33,59.6,10,2.6,47,38.2,
2022-08-20 5:05:10,60,10,2.6,47.4,38.4,
2022-08-19 4:21:57,59.6,10.2,2.6,46.8,37.8,
2022-08-17 7:03:06,59.6,9.8,2.6,47.2,38.4,
2022-08-16 6:04:27,60,10.4,2.6,47,38,
2022-08-15 5:00:22,60.6,10.4,2.6,47.6,38.59,
2022-08-14 6:47:53,60.6,10,2.6,48,39.2,
2022-08-12 7:10:22,59.8,10.2,2.6,47,38,
2022-08-07 4:31:56,58.8,9.6,2.6,46.6,37.59,
2022-08-06 3:21:56,59.6,10,2.6,47,38.2,
2022-08-05 6:51:01,59,9.8,2.6,46.6,37.59,
2022-08-04 5:41:48,58.8,10,2.6,46.2,37.2,
2022-08-03 6:01:53,59.4,10.2,2.6,46.6,37.4,
2022-07-30 5:37:50,59.4,10,2.6,46.8,37.8,
2022-07-29 7:49:52,59.4,10.2,2.6,46.6,37.59,
2022-07-27 7:46:09,58.6,9.8,2.6,46.2,37.2,
2022-07-24 6:22:22,60.2,10,2.6,47.6,38.59,
2022-07-18 6:51:06,60.2,10.4,2.6,47.2,38.2,
2022-07-13 9:22:41,59.8,10.8,2.6,46.4,37.2,
2022-07-11 8:26:59,59.8,10.2,2.6,47,38,
2022-07-10 6:10:04,60.2,10.6,2.6,47,38,
2022-07-09 6:36:24,59.6,10.4,2.6,46.6,37.59,
2022-07-08 8:20:16,59.8,10.2,2.6,47,38,
2022-07-07 6:47:00,59.4,10,2.6,46.8,37.8,
2022-07-06 5:43:26,59.6,10.2,2.6,46.8,37.8,
2022-07-05 6:04:21,59.8,10.6,2.6,46.6,37.4,
2022-07-03 6:32:47,59.8,10.2,2.6,47,37.8,
2022-07-02 6:11:06,59.8,10.4,2.6,46.8,37.8,
2022-07-01 5:32:47,60.4,10.4,2.6,47.4,38.4,
2022-06-30 5:59:22,60.6,10.4,2.6,47.6,38.4,
2022-06-29 5:09:44,60.6,10.6,2.6,47.4,38.2,
2022-06-28 6:01:06,60.2,10.2,2.6,47.4,38.4,
2022-06-27 6:05:26,60.4,10.8,2.6,47,38,
2022-06-26 6:07:51,60.2,10.2,2.6,47.4,38.4,
2022-06-25 6:05:19,60.8,10.6,2.6,47.6,38.59,
2022-06-24 4:58:21,61.4,10.6,2.6,48.2,39.2,
2022-06-23 6:07:00,62.2,11.2,2.8,48.2,39.2,
2022-06-22 5:59:15,62,11.8,2.6,47.6,38.4,
2022-06-21 4:19:04,61.8,11.4,2.6,47.8,38.59,
2022-06-10 7:23:59,59.2,10.2,2.6,46.4,37.4,
2022-06-09 6:08:40,60.2,10.4,2.6,47.2,38.2,
2022-06-06 6:45:13,60.8,10.6,2.6,47.6,38.4,
2022-05-29 7:30:22,59.8,9.8,2.6,47.4,38.59,
2022-05-24 8:50:52,58.6,9.8,2.6,46.2,37.2,
2022-05-23 6:33:01,59.8,9.6,2.6,47.6,38.8,
2022-05-22 6:47:10,60,9.8,2.6,47.6,38.59,
2022-05-21 5:49:42,59.4,9.39,2.6,47.4,38.59,
2022-05-20 7:35:27,58.6,10,2.6,46,37,
2022-05-17 5:45:39,59.2,10,2.6,46.6,37.8,
2022-05-15 5:54:14,59.8,10,2.6,47.2,38.2,
2022-05-12 7:33:14,59.6,10,2.6,47,38,
2022-05-05 5:15:11,59.6,10.2,2.6,46.8,37.8,
2022-05-04 4:45:11,60,10.2,2.6,47.2,38.2,
2022-04-28 9:15:46,60,10,2.6,47.4,38.4,
2022-04-27 8:42:03,59.6,9.6,2.6,47.4,38.59,
2022-04-23 10:58:54,59.6,10,2.6,47,38,
2022-04-20 7:00:42,59.2,10.6,2.6,46,36.8,
2022-04-19 6:25:37,59.4,10,2.6,46.8,37.8,
2022-04-18 7:15:33,59.6,9.6,2.6,47.4,38.8,
2022-04-16 8:34:58,59.2,10.6,2.6,46,37,
2022-04-15 8:03:29,59.8,10.4,2.6,46.8,37.59,
2022-04-13 7:48:04,59.8,10.2,2.6,47,38,
2022-04-11 6:37:11,61.2,10.2,2.6,48.4,39.4,
2022-04-10 7:43:24,60.2,10.4,2.6,47.2,38,
2022-04-07 6:40:29,60.2,10.6,2.6,47,38,
2022-04-01 9:12:23,60.2,10.8,2.6,46.8,37.8,
2022-03-30 8:43:08,59.4,10,2.6,46.8,37.8,
2022-03-28 8:29:05,59.8,10.2,2.6,47,38.2,
2022-03-25 9:40:05,59.8,10,2.6,47.2,38.4,
2022-03-20 9:27:42,59.8,10,2.6,47.2,38.2,
2022-03-16 7:44:52,59.8,9.8,2.6,47.4,38.59,
2022-03-15 8:42:50,59.8,10,2.6,47.2,38.2,
2022-03-14 8:34:05,58.8,9.8,2.6,46.4,37.4,
2022-03-11 6:50:49,60.6,10.6,2.6,47.4,38.4,
2022-03-10 7:24:40,59.6,10,2.6,47,38.2,
2022-03-03 8:53:27,59.8,10.2,2.6,47,38,
2022-02-28 8:29:44,60.8,10.2,2.6,48,39,
2022-02-25 8:53:23,59.4,,,,,
2022-02-23 6:12:07,60.8,10.6,2.6,47.6,38.59,
2022-02-21 12:10:47,59.2,9.8,2.6,46.8,38,
2022-02-16 8:05:12,60.2,10.2,2.6,47.4,38.4,
2022-02-10 9:01:34,59.8,10,2.6,47.2,38.4,
2022-02-04 8:12:28,58.6,9.6,2.6,46.4,37.59,
2022-02-01 6:19:22,59.2,9.8,2.6,46.8,38,
2022-01-26 6:48:40,58.4,9.2,2.6,46.6,37.8,
2022-01-24 5:53:30,58.8,9.39,2.6,46.8,38,
2022-01-21 5:59:19,59.2,9.8,2.6,46.8,37.8,
2022-01-20 5:17:51,58.8,9.6,2.6,46.6,37.8,
2022-01-19 6:33:01,58,9.2,2.6,46.2,37.4,
2022-01-12 8:55:04,58,,,,,
2022-01-08 8:17:12,57.6,9.39,2.6,45.6,36.59,
2021-12-29 14:34:00,58.6,9.2,2.6,46.8,38,
2021-12-23 9:01:31,58.6,9,2.6,47,38.4,
2021-12-18 5:31:05,56.2,9,2.6,44.6,35.59,
2021-12-15 6:36:38,58.6,9.6,2.6,46.4,37.59,
2021-11-29 9:06:21,59,9.39,2.6,47,38.4,
2021-11-26 9:01:34,57,9.2,2.6,45.2,36.2,
2021-11-24 9:21:10,58.2,9,2.6,46.6,37.8,
2021-11-22 8:31:39,57.2,9,2.6,45.6,37,
2021-11-21 14:03:56,56.8,9,2.6,45.2,36.4,
2021-11-13 8:14:40,56,8.39,2.6,45,36.2,
2021-11-12 9:22:53,57,8.8,2.6,45.6,36.8,
2021-11-10 9:26:03,56.6,8.8,2.6,45.2,36.59,
2021-11-09 10:06:18,56.6,8.8,2.6,45.2,36.4,
2021-11-08 8:24:05,56.4,8.6,2.6,45.2,36.4,
2021-11-07 10:13:48,57.8,9.39,2.6,45.8,37,
2021-11-06 8:00:25,56.8,8.6,2.6,45.6,36.8,
2021-11-05 8:50:00,57,8.6,2.6,45.8,37.4,
2021-11-04 6:02:48,57.2,8.6,2.6,46,37.4,
2021-11-02 8:52:14,57,9.2,2.6,45.2,36.4,
2021-11-01 6:49:30,57.2,9,2.6,45.6,37,
2021-10-30 8:52:36,57.6,8.8,2.6,46.2,37.4,
2021-10-29 6:07:32,57.2,9,2.6,45.6,36.8,
2021-10-28 9:24:07,57.6,8.8,2.6,46.2,37.4,
2021-10-26 6:37:59,58.2,9.6,2.6,46,37.2,
2021-10-24 10:38:12,58.2,9.39,2.6,46.2,37.4,
2021-10-21 8:25:21,57.8,9.39,2.6,45.8,37,
2021-10-20 7:02:04,58,9.6,2.6,45.8,36.8,
2021-10-17 10:00:00,58,8.8,2.6,46.6,38.2,
2021-10-16 7:12:16,58.4,9.6,2.6,46.2,37.2,
2021-10-13 6:19:45,58.6,9.39,2.6,46.6,38,
2021-10-12 5:28:21,58.4,9.39,2.6,46.4,37.59,
2021-10-08 7:00:16,57.4,8.8,2.6,46,37.4,
2021-10-08 6:05:35,58,9.6,2.6,45.8,37,
2021-10-07 6:10:47,58,9.39,2.6,46,37.2,
2021-10-06 7:22:23,57.8,8.39,2.6,46.8,38.4,
2021-10-06 6:24:25,58,8.8,2.6,46.6,38,
2021-10-05 6:00:42,58,9.2,2.6,46.2,37.4,
2021-10-04 5:59:56,58,9.2,2.6,46.2,37.4,
2021-10-03 7:18:09,58.4,9.2,2.6,46.6,38,
2021-10-02 7:56:38,58,9.39,2.6,46,37,
2021-10-01 5:38:51,58.2,9.2,2.6,46.4,37.8,
2021-09-30 6:34:17,58.8,9.2,2.6,47,38.2,
2021-09-29 7:04:55,58,9.6,2.6,45.8,37,
2021-09-28 7:14:37,57.8,9.39,2.6,45.8,37,
2021-09-28 0:15:37,58,9,2.6,46.4,37.59,
2021-09-24 7:38:26,58.6,9.39,2.6,46.6,37.8,
2021-09-23 7:00:51,59.2,9.6,2.6,47,38.2,
2021-09-22 9:15:04,58.8,9.39,2.6,46.8,38,
2021-09-21 7:52:10,59.2,9.6,2.6,47,38,
2021-09-20 11:13:35,58.2,9.39,2.6,46.2,37.2,
2021-09-17 7:25:30,59,,,,,
2021-09-13 8:52:51,60.4,,,,,
2021-09-12 12:14:16,58.8,10.4,2.6,45.8,36.59,
2021-09-09 9:24:36,58.8,10,2.6,46.2,37.2,
2021-09-08 8:13:18,59.2,10,2.6,46.6,37.59,
2021-09-03 9:23:47,60.2,10.8,2.6,46.8,37.59,
2021-09-02 8:59:25,60,10.6,2.6,46.8,37.8,
2021-08-25 9:26:40,59.4,9.39,2.6,47.4,38.8,
2021-08-22 10:13:03,59,9.6,2.6,46.8,37.8,
2021-08-20 8:22:27,59.6,9.8,2.6,47.2,38.4,
2021-08-18 6:55:11,60,10.2,2.6,47.2,38.4,
2021-08-17 9:26:53,59.4,10,2.6,46.8,38,
2021-08-13 9:01:00,59.2,10.2,2.6,46.4,37.4,
2021-08-12 8:32:30,59.4,9.8,2.6,47,38,
2021-08-10 8:17:05,59.8,9.39,2.6,47.8,39.2,
2021-08-06 6:45:32,59,9.39,2.6,47,38.2,
2021-08-05 6:33:56,58.8,,,,,
2021-08-04 6:20:26,59.2,9.8,2.6,46.8,37.8,
2021-08-03 6:46:50,59,9.39,2.6,47,38.2,
2021-08-02 8:27:45,59.2,9.6,2.6,47,38.2,
2021-08-01 10:24:02,58.4,9,2.6,46.8,38.2,
2021-07-31 8:49:10,57.6,8.6,2.6,46.4,38,
2021-07-28 6:28:41,58.8,9.6,2.6,46.6,37.59,
2021-07-27 7:03:19,59.2,9.8,2.6,46.8,38,
2021-07-26 8:26:05,59.4,9.6,2.6,47.2,38.4,
2021-07-24 11:38:17,59,9.2,2.6,47.2,38.59,
2021-07-23 9:51:36,59.4,9.8,2.6,47,38,
2021-07-21 7:42:25,59,9.2,2.6,47.2,38.4,
2021-07-20 9:19:26,59.2,9.2,2.6,47.4,38.8,
2021-07-20 9:09:32,59.4,9.39,2.6,47.4,38.8,
2021-07-17 8:55:09,58.4,9.39,2.6,46.4,37.59,
2021-07-15 8:03:45,58.6,9.39,2.6,46.6,37.8,
2021-07-14 6:26:10,60,9.8,2.6,47.6,38.59,
2021-07-13 7:54:16,59,9.6,2.6,46.8,38,
2021-07-12 8:38:53,59,9.2,2.6,47.2,38.4,
2021-07-09 6:42:53,58.4,9.39,2.6,46.4,37.59,
2021-07-08 7:35:29,57.8,8.8,2.6,46.4,38,
2021-07-07 8:17:00,58.2,8.8,2.6,46.8,38.2,
2021-07-07 7:32:25,58.6,9.2,2.6,46.8,38,
2021-07-06 8:04:31,58.6,9,2.6,47,38.59,
2021-07-05 7:44:39,58.4,9,2.6,46.8,38.2,
2021-07-04 9:21:02,58.2,9,2.6,46.6,38,
2021-07-01 9:40:05,58.2,9.2,2.6,46.4,37.59,
2021-06-28 8:24:21,59,9,2.6,47.4,39,
2021-06-25 7:49:42,59.2,9.39,2.6,47.2,38.59,
2021-06-24 8:48:36,58.8,9.2,2.6,47,38.4,
2021-06-23 8:45:56,58.8,9,2.6,47.2,38.59,
2021-06-23 7:47:32,58.8,9.39,2.6,46.8,38.2,
2021-06-22 9:12:37,58.6,9.2,2.6,46.8,38,
2021-06-21 8:26:40,58.6,9.2,2.6,46.8,38.2,
2021-06-19 7:30:21,58.6,9.2,2.6,46.8,38.2,
2021-06-18 7:33:58,58,8.8,2.6,46.6,38,
2021-06-17 8:09:17,58.2,9.39,2.6,46.2,37.4,
2021-06-16 8:34:21,59,9.2,2.6,47.2,38.59,
2021-06-15 21:03:42,58.2,8,2.6,47.6,40,
2021-06-15 7:11:42,58.8,9.2,2.6,47,38.4,
2021-06-14 8:57:13,58.2,8.8,2.6,46.8,38.4,
2021-06-13 7:34:48,58.4,9,2.6,46.8,38.2,
2021-06-11 7:33:10,57.4,8.6,2.6,46.2,37.59,
2021-06-11 6:54:32,57.6,9,2.6,46,37.4,
2021-06-10 7:05:34,57.4,9,2.6,45.8,37,
2021-06-09 8:21:06,57.4,9,2.6,45.8,37,
2021-06-08 8:56:37,58,8.8,2.6,46.6,38.2,
2021-06-06 7:42:50,58.4,8.39,2.6,47.4,39.2,
2021-06-05 7:30:58,58.4,8.6,2.6,47.2,38.8,
2021-06-04 8:31:00,58,8.8,2.6,46.6,38,
2021-06-04 7:31:06,58.8,9,2.6,47.2,38.8,
2021-06-03 8:19:55,58.2,8.6,2.6,47,38.8,
2021-06-03 6:41:24,58.2,8.8,2.6,46.8,38.2,
2021-06-02 7:34:27,57.6,8.8,2.6,46.2,37.59,
2021-05-31 9:36:52,57,8.2,2.6,46.2,38,
2021-05-28 8:30:01,58,8.8,2.6,46.6,38.2,
2021-05-27 7:28:56,57.8,9,2.6,46.2,37.59,
2021-05-26 9:19:58,58,9,2.6,46.4,37.8,
2021-05-26 8:28:25,57.8,9,2.6,46.2,37.4,
2021-05-25 8:16:39,58.4,9,2.6,46.8,38.2,
2021-05-22 9:41:07,58.8,9,2.6,47.2,38.8,
2021-05-21 7:18:46,58.6,8.2,2.6,47.8,39.8,
2021-05-20 8:38:26,57.2,8.6,2.6,46,37.4,
2021-05-19 9:23:39,57.8,8.8,2.6,46.4,37.8,
2021-05-19 7:48:59,57.4,8.8,2.6,46,37.2,
2021-05-16 8:44:23,58.4,8.6,2.6,47.2,38.8,
2021-05-16 8:44:05,58.4,,,,,
2021-05-15 8:17:43,58.4,8.8,2.6,47,38.59,
2021-05-14 9:50:38,58,8.39,2.6,47,38.8,
2021-05-13 6:47:10,59.4,9,2.6,47.8,39.4,
2021-05-12 7:42:34,58.8,8.6,2.6,47.6,39.4,
2021-05-02 9:24:42,58,8.39,2.6,47,38.8,
2021-04-30 6:49:28,57.2,,,,,
2021-04-30 5:52:39,57,8.2,2.6,46.2,37.8,
2021-04-29 5:34:26,57.8,,,,,
2021-04-28 6:53:00,57.2,8.39,2.6,46.2,37.8,
2021-04-26 8:21:51,57.2,7.8,2.6,46.8,38.8,
2021-04-24 8:09:47,56,8,2.6,45.4,37,
2021-04-23 6:35:06,56.2,7.8,2.6,45.8,37.8,
2021-04-22 7:41:54,56.2,8,2.6,45.6,37.2,
2021-04-21 7:48:04,56.2,7.8,2.6,45.8,37.4,
2021-04-20 8:06:48,56.4,7.8,2.6,46,38,
2021-04-19 6:29:01,57.4,8.39,2.6,46.4,38,
2021-04-18 6:37:01,56.6,8.39,2.6,45.6,37.2,
2021-04-17 6:03:54,55.6,8,2.6,45,36.4,
2021-04-16 6:14:32,55.4,8.2,2.6,44.6,36,
2021-04-15 7:46:46,55.8,8.2,2.6,45,36.59,
2021-04-14 6:27:50,56.6,8.39,2.6,45.6,37,
2021-04-13 6:48:50,56,8.6,2.6,44.8,36,
2021-04-12 6:54:59,57.2,8.8,2.6,45.8,37,
2021-04-11 7:32:03,57.4,8.8,2.6,46,37.59,
2021-04-10 7:48:57,57.2,8.6,2.6,46,37.4,
2021-04-09 22:58:54,57.4,8,2.6,46.8,39,
2021-04-09 7:02:25,56.4,8.39,2.6,45.4,36.8,
2021-04-08 21:00:27,56,7.4,2.6,46,38.2,
2021-04-08 6:47:40,57,8.6,2.6,45.8,37.2,
2021-04-07 21:05:51,56.4,7.6,2.6,46.2,38.4,
2021-04-07 6:32:18,57,8.6,2.6,45.8,37,
2021-04-06 20:50:07,56.4,7.6,2.6,46.2,38.4,
2021-04-06 5:59:19,57.2,8.6,2.6,46,37.4,
2021-04-05 20:46:54,56.8,7.6,2.6,46.6,38.8,
2021-04-05 6:40:49,57.6,8.8,2.6,46.2,37.59,
2021-04-04 6:14:45,56.8,8.8,2.6,45.4,36.8,
2021-04-03 5:37:10,57,8.6,2.6,45.8,37.2,
2021-04-02 22:14:17,56.8,7.8,2.6,46.4,38.4,
2021-04-01 5:41:02,57.2,8.8,2.6,45.8,37.2,
2021-03-31 6:17:38,56.8,8.6,2.6,45.6,37.2,
2021-03-30 6:38:03,58,8.6,2.6,46.8,38.2,
2021-03-28 3:17:57,58,9.6,2.6,45.8,36.8,
2021-03-26 21:12:31,57.8,8.39,2.6,46.8,38.59,
2021-03-26 6:58:11,58.8,9.8,2.6,46.4,37.59,
2021-03-24 7:25:51,57.8,9,2.6,46.2,37.59,
2021-03-23 6:45:27,58.6,9.39,2.6,46.6,37.8,
2021-03-15 15:55:24,58.8,9.6,2.6,46.6,37.8,
2021-03-13 11:34:27,57.8,9.2,2.6,46,37.2,
2021-03-11 10:11:58,57.6,9.2,2.6,45.8,37,
2021-03-10 23:10:35,58,9.39,2.6,46,37.2,
2021-03-10 9:47:56,57.4,9.2,2.6,45.6,36.8,
2021-03-09 11:22:01,58,9.39,2.6,46,37.2,
2021-03-09 0:39:54,58,9.2,2.6,46.2,37.4,
2021-03-08 7:54:25,58,9.2,2.6,46.2,37.4,
2021-03-08 0:22:12,58.2,9.39,2.6,46.2,37.4,
2021-03-07 8:35:39,59,9.39,2.6,47,38.4,
2021-03-04 9:15:31,58.8,9.39,2.6,46.8,38,
2021-03-03 8:20:19,58.6,9.2,2.6,46.8,38.2,
2021-02-23 13:40:52,59,10,2.6,46.4,37.59,
2021-02-19 10:34:01,58.4,9.2,2.6,46.6,38,
2021-02-18 9:23:21,57.4,8.6,2.6,46.2,37.8,
2021-02-18 9:08:03,57.8,9,2.6,46.2,37.59,
2021-02-17 23:37:27,57.6,8.2,2.6,46.8,38.59,
2021-02-17 7:59:13,57,8.39,2.6,46,37.59,
2021-02-14 9:50:47,58.2,9.6,2.6,46,37.2,
2021-02-10 9:34:47,56.6,9,2.6,45,36.2,
2021-02-10 3:35:30,57.2,8.8,2.6,45.8,37,
2021-02-10 3:34:48,57,8.8,2.6,45.6,37,
2021-02-09 12:18:38,56.6,9,2.6,45,36.2,
2021-02-07 15:37:47,57,9,2.6,45.4,36.59,
2021-02-05 22:58:28,57.6,9,2.6,46,37.4,
2021-02-05 7:49:11,58.2,9,2.6,46.6,38,
2021-02-03 12:28:44,58.2,9.6,2.6,46,37.2,
2021-02-03 2:54:52,57.8,9,2.6,46.2,37.59,
2021-01-30 11:31:35,58.2,9.8,2.6,45.8,36.8,
2021-01-30 2:36:38,58.4,9.39,2.6,46.4,37.59,
2021-01-29 11:37:56,58.8,9.8,2.6,46.4,37.59,
2021-01-28 0:36:11,57.4,8.6,2.6,46.2,37.59,
2021-01-27 1:22:41,58,9,2.6,46.4,37.8,
2021-01-25 2:07:31,57.8,9.2,2.6,46,37,
2021-01-24 8:07:08,58.8,9.6,2.6,46.6,37.8,
2021-01-23 10:10:33,58,9.2,2.6,46.2,37.4,
2021-01-21 7:24:00,58.4,9.6,2.6,46.2,37.2,
2021-01-20 10:55:01,58.4,9.39,2.6,46.4,37.59,
2021-01-19 2:01:23,58,8.2,2.6,47.2,39.4,
2021-01-17 12:43:46,58.2,9.2,2.6,46.4,37.59,
2021-01-17 12:41:46,59,,,,,
2021-01-15 11:22:45,59,,,,,
2021-01-10 13:48:24,59,,,,,
2021-01-06 5:50:11,59.4,,,,,
2021-01-04 7:41:04,53.8,6.6,2.6,44.6,37.2,
2020-12-30 2:01:47,52,5.8,2.4,43.8,36.2,
2020-12-29 8:12:50,53.2,,,,,
2020-12-29 8:11:53,53,,,,,
2020-12-29 8:09:47,53.6,,,,,
2020-12-25 2:38:38,57.8,8.6,2.6,46.6,38,
2020-12-23 6:06:20,57,8.39,2.6,46,37.59,
2020-12-21 7:48:17,57.4,8.6,2.6,46.2,37.8,
2020-12-21 0:47:28,57.8,8.8,2.6,46.4,37.8,
2020-12-16 2:46:19,57.8,9,2.6,46.2,37.59,
2020-12-12 7:17:55,58.4,9,2.6,46.8,38.2,
2020-12-11 8:34:41,58.2,9,2.6,46.6,37.8,
2020-12-10 7:38:09,58.6,9.2,2.6,46.8,38,
2020-12-09 11:51:52,59.4,9.39,2.6,47.4,38.59,
2020-12-08 7:24:51,58.6,9,2.6,47,38.4,
2020-12-07 8:32:54,59.6,10.2,2.6,46.8,37.59,
2020-12-06 10:29:20,58.2,9.2,2.6,46.4,37.59,
2020-12-06 10:27:18,59,9.8,2.6,46.6,37.8,
2020-12-05 11:19:13,60,10,2.6,47.4,38.59,
2020-12-05 10:06:53,60.6,10.4,2.6,47.6,38.59,
2020-12-05 10:06:34,61,,,,,
2020-12-03 10:41:41,60.4,9.8,2.6,48,39.2,
2020-12-02 9:50:52,59.4,9.8,2.6,47,38.2,
2020-12-01 9:02:34,59.4,9.8,2.6,47,38.2,
2020-11-21 12:56:19,59.8,9.6,2.6,47.6,39,
2020-11-19 1:16:21,58.6,9,2.6,47,38.59,
2020-11-18 1:29:09,59.4,9.8,2.6,47,38.2,
2020-11-17 10:46:21,59.4,9.8,2.6,47,38,
2020-11-17 2:00:50,58.2,9,2.6,46.6,38,
2020-11-15 22:36:16,58.4,9.2,2.6,46.6,38,
2020-11-13 13:02:08,59.4,,,,,
2020-11-07 12:55:17,58.8,10.2,2.6,46,37,
2020-11-06 9:28:20,58.8,10.4,2.6,45.8,36.8,
2020-11-04 8:52:53,58.6,9.8,2.6,46.2,37.4,
2020-11-01 12:01:20,59.2,9.8,2.6,46.8,38,
2020-10-31 3:40:53,58,,,,,
2020-10-31 3:40:30,57.2,,,,,
2020-10-29 9:33:30,60.6,9.6,2.6,48.4,39.59,
2020-10-24 10:51:11,60,10,2.6,47.4,38.4,
2020-10-21 7:59:38,60.2,10,2.6,47.6,38.8,
2020-10-20 22:58:17,60,9.6,2.6,47.8,39.2,
2020-10-14 9:36:19,60.6,10.2,2.6,47.8,38.8,
2020-10-08 11:49:23,61.4,10.2,2.8,48.4,39.8,
2020-09-27 8:13:27,60.6,10,2.6,48,39,
2020-09-23 6:50:24,58.8,9.2,2.6,47,38.4,
2020-09-22 7:36:57,60.2,9.8,2.6,47.8,39,
2020-09-20 9:46:21,60.4,9.6,2.6,48.2,39.59,
2020-09-16 9:51:36,60.6,9.8,2.6,48.2,39.4,
2020-09-15 10:21:22,59,8.8,2.6,47.6,39.4,
2020-09-13 7:46:17,60,9.39,2.6,48,39.59,
2020-09-13 6:34:05,60.8,10.2,2.6,48,39,
2020-09-11 9:37:44,60.6,9.6,2.6,48.4,39.59,
2020-09-10 9:33:42,60.8,10,2.6,48.2,39.2,
2020-09-02 11:32:27,59.6,8,2.8,48.8,41.6,
2020-09-01 7:52:25,59.8,10,2.6,47.2,38.2,
2020-08-28 9:27:32,58.8,9.2,2.6,47,38.2,
2020-08-28 6:38:25,58.6,9.2,2.6,46.8,38,
2020-08-27 21:42:52,58.2,8.2,2.6,47.4,39.4,
2020-08-27 21:42:05,58,,,,,
2020-08-27 21:42:05,58,,,,,
2020-08-27 21:41:43,58,,,,,
2020-08-27 21:41:43,58,,,,,
2020-08-27 6:46:46,60.6,9.39,2.8,48.4,40.2,
2020-08-26 7:34:01,60,9.6,2.6,47.8,39.2,
2020-08-24 8:23:43,58.4,9,2.6,46.8,38.2,
2020-08-23 8:13:33,59.2,9.6,2.6,47,38.2,
2020-08-22 5:44:36,59.2,9,2.6,47.6,39.2,
2020-08-21 11:16:16,59.4,9.6,2.6,47.2,38.4,
2020-08-19 10:44:54,58.2,9.2,2.6,46.4,37.59,
2020-08-18 10:09:55,59.2,9.2,2.6,47.4,38.8,
2020-08-17 10:17:49,59.6,9.2,2.6,47.8,39.2,
2020-08-13 12:13:01,59.2,9.2,2.6,47.4,39,
2020-08-11 8:44:46,59.6,9.2,2.6,47.8,39.2,
2020-08-10 10:53:20,57.8,8,2.6,47.2,39.4,
2020-08-10 9:59:01,59,8.8,2.6,47.6,39.2,
2020-08-10 9:50:03,58.6,8.6,2.6,47.4,39.2,
2020-08-06 9:26:29,59,8.8,2.6,47.6,39.2,
2020-08-05 7:16:27,58.6,8.8,2.6,47.2,38.8,
2020-08-04 11:56:46,59.2,9,2.6,47.6,39.2,
2020-08-03 10:01:07,57.8,8.8,2.6,46.4,38,
2020-08-01 10:15:11,57.4,8.39,2.6,46.4,38.2,
2020-07-31 9:00:49,57.6,8.6,2.6,46.4,37.8,
2020-07-30 6:35:26,58.4,9.39,2.6,46.4,37.59,
2020-07-29 7:42:02,57.6,8.39,2.6,46.6,38.2,
2020-07-28 6:50:40,59,9.2,2.6,47.2,38.59,
2020-07-27 7:12:05,58.2,9,2.6,46.6,38,
2020-07-27 6:53:29,58.4,9.2,2.6,46.6,38,
2020-07-26 8:27:22,58.6,9,2.6,47,38.4,
2020-07-26 7:09:38,58.4,8.8,2.6,47,38.59,
2020-07-23 9:16:28,57.8,8.8,2.6,46.4,38,
2020-07-23 3:48:38,58,8.39,2.6,47,39,
2020-07-22 7:12:43,58.4,9.2,2.6,46.6,37.8,
2020-07-22 5:46:27,58.6,9,2.6,47,38.59,
2020-07-21 6:31:06,59.2,9,2.6,47.6,39.2,
2020-07-16 10:37:57,57.6,8.8,2.6,46.2,37.59,
2020-07-15 7:18:08,58.4,9.2,2.6,46.6,37.8,
2020-07-14 10:47:41,58.8,9,2.6,47.2,38.59,
2020-07-14 6:41:49,59.2,9.2,2.6,47.4,39,
2020-07-13 9:57:39,58.8,8.8,2.6,47.4,39.2,
2020-07-12 13:39:45,59.4,9.39,2.6,47.4,38.8,
2020-07-11 6:36:58,58.8,9,2.6,47.2,38.59,
2020-07-10 10:10:51,58,8.39,2.6,47,38.8,
2020-07-09 12:55:46,58.2,8.6,2.6,47,38.8,
2020-07-06 12:56:12,57.4,8.6,2.6,46.2,37.59,
2020-07-04 9:38:28,58,9,2.6,46.4,37.59,
2020-07-04 6:52:49,59.2,9.39,2.6,47.2,38.4,
2020-07-04 0:04:49,56.8,7.8,2.6,46.4,38.59,
2020-07-03 9:50:48,55.8,7.4,2.6,45.8,38,
2020-07-03 9:45:42,55,6.8,2.6,45.6,38,
2020-07-03 7:03:58,57.2,8,2.6,46.6,38.4,
2020-07-02 10:38:16,56.8,8.2,2.6,46,37.8,
2020-07-02 9:08:58,57.2,8.2,2.6,46.4,38,
2020-07-02 6:31:39,58,8.8,2.6,46.6,38,
2020-07-01 21:31:13,56.8,7.6,2.6,46.6,38.59,
2020-07-01 9:40:19,57.4,8,2.6,46.8,38.59,
2020-07-01 9:35:01,58.6,8.8,2.6,47.2,38.8,
2020-06-30 13:53:28,57.4,8,2.6,46.8,38.59,
2020-06-29 7:53:26,59.2,8.6,2.6,48,39.8,
2020-06-28 10:04:18,58,8.2,2.6,47.2,39,
2020-06-27 23:52:36,57.8,8,2.6,47.2,39.2,
2020-06-27 11:03:16,56.4,7.6,2.6,46.2,38.4,
2020-06-27 9:40:44,56.8,8,2.6,46.2,37.8,
2020-06-26 8:37:12,57,8,2.6,46.4,38.2,
2020-06-26 6:52:36,57.4,8.6,2.6,46.2,37.8,
2020-06-25 8:51:10,57.2,8.39,2.6,46.2,37.59,
2020-06-25 8:37:08,57.6,8.6,2.6,46.4,37.8,
2020-06-24 7:19:38,57.8,8.2,2.6,47,39,
2020-06-24 5:30:16,59,9,2.6,47.4,39,
2020-06-23 23:51:47,59.2,8.6,2.6,48,39.8,
2020-06-23 7:57:15,59.2,9.39,2.6,47.2,38.59,
2020-06-23 6:34:02,59,8.8,2.6,47.6,39,
2020-06-22 22:21:44,59.2,8.8,2.6,47.8,39.4,
2020-06-22 9:47:03,58.2,8.39,2.6,47.2,39,
2020-06-22 7:59:01,58.8,9.2,2.6,47,38.4,
2020-06-21 8:50:22,56.8,8.39,2.6,45.8,37.4,
2020-06-21 8:34:00,56.6,8.2,2.6,45.8,37.2,
2020-06-20 8:48:04,56.4,8,2.6,45.8,37.59,
2020-06-20 7:14:44,57.4,8.6,2.6,46.2,37.8,
2020-06-19 22:45:28,57.6,8,2.6,47,39,
2020-06-19 9:17:02,57.8,8.8,2.6,46.4,38,
2020-06-19 3:31:14,57.8,8.2,2.6,47,38.8,
2020-06-18 10:29:06,58.6,9.2,2.6,46.8,38,
2020-06-17 8:13:11,58.8,9,2.6,47.2,38.59,
2020-06-17 7:06:38,59.2,9.39,2.6,47.2,38.4,
2020-06-16 12:28:23,59.6,9,2.6,48,39.8,
2020-06-15 8:21:54,59,9.39,2.6,47,38.2,
2020-06-14 11:29:10,58.6,8.8,2.6,47.2,38.8,
2020-06-12 9:08:26,59.8,9,2.6,48.2,40,
2020-06-12 8:17:59,59.8,9.39,2.6,47.8,39.2,
2020-06-09 12:27:18,58.2,8.6,2.6,47,38.59,
2020-06-09 3:12:28,58.4,8.6,2.6,47.2,38.8,
2020-06-08 8:49:11,58,8.39,2.6,47,38.59,
2020-06-08 6:33:46,58.8,9.2,2.6,47,38.4,
2020-06-07 9:42:01,58.4,9,2.6,46.8,38.2,
2020-06-06 9:37:29,58,8.6,2.6,46.8,38.59,
2020-06-06 9:36:07,56.8,7.8,2.6,46.4,38.4,
2020-06-05 6:34:21,58.8,9.2,2.6,47,38.4,
2020-06-04 8:22:15,58,8.6,2.6,46.8,38.2,
2020-06-04 6:39:44,58.8,9.39,2.6,46.8,38,
2020-06-04 0:00:00,58,,,,,
2020-06-03 2:59:09,58.4,8.8,2.6,47,38.4,
2020-06-03 0:00:00,58.8,,,,,
2020-06-02 15:55:17,58.2,,,,,
2020-06-02 10:07:11,58.2,8.6,2.6,47,38.59,
2020-06-02 0:00:00,58.2,,,,,
2020-06-01 9:24:25,59,9,2.6,47.4,39,
2020-06-01 0:00:00,58.8,,,,,
2020-05-31 0:00:00,59.4,,,,,
2020-05-30 9:07:59,58.4,8.39,2.6,47.4,39.2,
2020-05-30 0:00:00,58.4,,,,,
2020-05-29 7:00:44,59.2,9,2.6,47.6,39,
2020-05-29 0:00:00,59.2,,,,,
2020-05-28 8:14:23,59,8.8,2.6,47.6,39,
2020-05-28 0:00:00,58.8,,,,,
2020-05-27 7:56:16,59.6,9.6,2.6,47.4,38.4,
2020-05-27 0:00:00,59.6,,,,,
2020-05-26 9:27:21,58.6,8.2,2.6,47.8,39.8,
2020-05-26 0:00:00,59.4,,,,,
2020-05-25 11:28:56,58.6,8.8,2.6,47.2,39,
2020-05-25 0:00:00,58.6,,,,,
2020-05-24 8:50:07,57.8,8.39,2.6,46.8,38.4,
2020-05-24 0:00:00,57.8,,,,,
2020-05-23 10:37:51,57.8,8.39,2.6,46.8,38.4,
2020-05-23 0:00:00,57.79,,,,,
2020-05-22 9:07:36,57.6,8.8,2.6,46.2,37.59,
2020-05-22 0:00:00,58,,,,,
2020-05-21 9:17:04,57,8.39,2.6,46,37.59,
2020-05-21 0:00:00,57.6,,,,,
2020-05-20 8:35:37,58,8.8,2.6,46.6,38.2,
2020-05-20 0:00:00,57.4,,,,,
2020-05-19 8:44:21,58,8.8,2.6,46.6,38,
2020-05-19 0:00:00,58,,,,,
2020-05-18 9:49:09,58.4,9.2,2.6,46.6,37.8,
2020-05-18 0:00:00,58.4,,,,,
2020-05-17 7:04:37,57.4,8.6,2.6,46.2,37.8,
2020-05-17 0:00:00,57.8,,,,,
2020-05-16 6:58:19,57.6,8.8,2.6,46.2,37.8,
2020-05-16 0:00:00,57.6,,,,,
2020-05-15 8:42:31,57.6,8.6,2.6,46.4,37.8,
2020-05-15 0:00:00,57.6,,,,,
2020-05-14 7:39:47,57.2,8.39,2.6,46.2,38,
2020-05-14 0:00:00,58,,,,,
2020-05-13 8:47:08,56.8,8.39,2.6,45.8,37.4,
2020-05-13 0:00:00,57.2,,,,,
2020-05-12 8:46:29,56.8,,,,,
2020-05-12 8:44:04,56.8,8.2,2.6,46,37.59,
2020-05-12 0:00:00,57.2,,,,,
2020-05-11 9:53:17,57.8,7.8,2.6,47.4,39.59,
2020-05-11 0:00:00,57.2,,,,,
2020-05-10 7:47:53,58.8,9.2,2.6,47,38.2,
2020-05-10 1:46:57,58,8.2,2.6,47.2,39,
2020-05-10 0:00:00,58.8,,,,,
2020-05-09 4:45:30,57.4,8.39,2.6,46.4,37.8,
2020-05-09 0:00:00,58,,,,,
2020-05-08 9:23:14,57.4,,,,,
2020-05-08 9:16:51,57.4,8.39,2.6,46.4,38,
2020-05-08 0:00:00,57.4,,,,,
2020-05-07 11:07:12,58,9,2.6,46.4,37.8,
2020-05-07 0:00:00,58,,,,,
2020-05-06 10:04:35,58.2,8.8,2.6,46.8,38.2,
2020-05-06 0:00:00,58.4,,,,,
2020-05-05 9:15:47,58,8.6,2.6,46.8,38.2,
2020-05-05 0:00:00,58.4,,,,,
2020-05-04 6:23:00,58.6,8.6,2.6,47.4,39.2,
2020-05-04 0:00:00,58.4,,,,,
2020-05-03 8:54:16,59.2,8.6,2.6,48,39.59,
2020-05-03 8:54:16,59.2,8.6,2.6,48,39.59,
2020-05-03 0:00:00,58.6,,,,,
2020-05-02 6:44:20,58.8,9,2.6,47.2,38.59,
2020-05-01 6:29:14,58.8,9.39,2.6,46.8,38,
2020-05-01 0:00:00,58.8,,,,,
2020-04-30 9:12:43,58.8,8.8,2.6,47.4,38.8,
2020-04-30 0:00:00,58.8,,,,,
2020-04-29 8:32:52,59.2,9.39,2.6,47.2,38.59,
2020-04-29 0:00:00,59.8,,,,,
2020-04-28 7:20:31,60.4,9.6,2.6,48.2,39.4,
2020-04-28 0:00:00,59.8,,,,,
2020-04-27 9:41:31,59.8,9.8,2.6,47.4,38.4,
2020-04-27 0:00:00,59.8,,,,,
2020-04-26 8:51:20,59.8,9.8,2.6,47.4,38.4,
2020-04-26 0:00:00,59.8,,,,,
2020-04-25 12:39:25,59.2,,,,,
2020-04-25 11:17:10,59.2,9.2,2.6,47.4,38.8,
2020-04-25 0:00:00,59.2,,,,,
2020-04-24 8:09:31,59.2,9.39,2.6,47.2,38.4,
2020-04-24 0:00:00,59.2,,,,,
2020-04-23 7:42:53,59.2,9.39,2.6,47.2,38.4,
2020-04-23 0:00:00,59.4,,,,,
2020-04-22 6:35:24,60,9.8,2.6,47.6,39,
2020-04-21 5:25:07,60.6,10,2.6,48,39.2,
2020-04-21 0:00:00,60,,,,,
2020-04-20 10:45:38,60.2,,,,,
2020-04-20 10:00:32,60.2,9.6,2.6,48,39.2,
2020-04-20 0:00:00,60.6,,,,,
2020-04-19 8:41:03,59.6,9.6,2.6,47.4,38.8,
2020-04-19 0:00:00,60.6,,,,,
2020-04-18 8:44:50,60.6,10.2,2.6,47.8,38.8,
2020-04-18 0:00:00,60.6,,,,,
2020-04-17 6:18:20,60.8,10,2.6,48.2,39.4,
2020-04-16 6:19:28,59.4,9.6,2.6,47.2,38.4,
2020-04-16 0:00:00,60.8,,,,,
2020-04-15 8:12:24,59.2,9.6,2.6,47,38.2,
2020-04-15 0:00:00,59.2,,,,,
2020-04-14 6:15:20,60.2,10,2.6,47.6,38.59,
2020-04-13 9:50:16,60.4,10.4,2.6,47.4,38.2,
2020-04-13 0:00:00,60.2,,,,,
2020-04-11 7:40:51,60.2,10.8,2.6,46.8,37.59,
2020-04-11 0:00:00,60.2,,,,,
2020-04-10 5:52:58,60,10,2.6,47.4,38.4,
2020-04-09 5:53:44,60,10.6,2.6,46.8,37.59,
2020-04-09 0:00:00,60,,,,,
2020-04-08 4:15:49,60.2,10.2,2.6,47.4,38.4,
2020-04-08 0:00:00,60,,,,,
2020-04-07 5:39:09,60.6,10.4,2.6,47.6,38.8,
2020-04-07 0:00:00,60.2,,,,,
2020-04-06 9:36:07,59.8,10,2.6,47.2,38.2,
2020-04-06 0:00:00,60.6,,,,,
2020-04-05 8:46:54,60,10,2.6,47.4,38.4,
2020-04-05 0:00:00,60,,,,,
2020-04-04 7:46:05,61,,,,,
2020-04-04 7:02:15,61,11.6,2.6,46.8,37.59,
2020-04-04 0:00:00,61,,,,,
2020-04-03 10:17:15,60.2,10,2.6,47.6,38.8,
2020-04-03 0:00:00,60.2,,,,,
2020-04-02 8:02:49,61.4,9.8,2.8,48.8,40.4,
2020-04-02 0:00:00,61.4,,,,,
2020-04-01 6:11:41,61.4,10.4,2.8,48.2,39.4,
2020-03-31 7:55:39,61.6,10.8,2.6,48.2,39,
2020-03-31 0:00:00,61.4,,,,,
2020-03-30 9:10:35,61,,,,,
2020-03-30 8:20:26,61,10,2.6,48.4,39.59,
2020-03-30 6:24:24,61.8,10.4,2.8,48.6,39.8,
2020-03-30 0:00:00,61,,,,,
2020-03-29 10:24:25,61.2,10.4,2.6,48.2,39.2,
2020-03-29 0:00:00,61.8,,,,,
2020-03-28 6:48:01,61,10.6,2.6,47.8,38.8,
2020-03-27 7:38:46,60.4,10.4,2.6,47.4,38.4,
2020-03-27 0:00:00,61,,,,,
2020-03-26 6:45:40,60.4,10.6,2.6,47.2,38,
2020-03-26 0:00:00,60.4,,,,,
2020-03-25 6:52:23,60.8,10.8,2.6,47.4,38.4,
2020-03-25 0:00:00,60.4,,,,,
2020-03-24 6:16:48,60.8,10.8,2.6,47.4,38.4,
2020-03-24 0:00:00,60.8,,,,,
2020-03-23 6:21:43,61.2,11,2.6,47.6,38.59,
2020-03-23 0:00:00,60.8,,,,,
2020-03-22 9:09:05,62,10.6,2.8,48.6,39.8,
2020-03-22 0:00:00,61.2,,,,,
2020-03-21 8:51:13,61.8,11.8,2.6,47.4,38.2,
2020-03-21 0:00:00,61.8,,,,,
2020-03-20 9:03:44,62.6,10.8,2.8,49,40.2,
2020-03-20 0:00:00,62.6,,,,,
2020-03-19 7:13:56,62.2,11.2,2.8,48.2,39.4,
2020-03-18 10:23:56,61.8,,,,,
2020-03-18 10:23:13,61.8,,,,,
2020-03-18 9:47:39,61.8,10.8,2.8,48.2,39.4,
2020-03-18 0:00:00,62.2,,,,,
2020-03-17 6:50:05,61.2,11.4,2.6,47.2,38,
2020-03-16 7:26:52,61.4,11.2,2.6,47.6,38.59,
2020-03-16 0:00:00,61.2,,,,,
2020-03-15 12:14:19,61.6,,,,,
2020-03-15 9:34:19,61.6,11.8,2.6,47.2,38,
2020-03-15 0:00:00,61.4,,,,,
2020-03-14 6:10:32,62.2,11.6,2.6,48,38.8,
2020-03-13 7:14:33,62.8,11.8,2.8,48.2,39.2,
2020-03-13 0:00:00,62.2,,,,,
2020-03-12 8:32:39,62.2,11.8,2.6,47.8,38.59,
2020-03-12 0:00:00,62.8,,,,,
2020-03-11 7:47:29,62.6,11.8,2.8,48,39,
2020-03-10 7:44:24,63,11.6,2.8,48.6,39.4,
2020-03-10 0:00:00,62.6,,,,,
2020-03-09 8:13:52,63,11.8,2.8,48.4,39.4,
2020-03-09 0:00:00,63,,,,,
2020-03-07 6:47:11,63.8,12,2.8,49,40,
2020-03-06 0:00:00,63.8,,,,,
2020-02-28 14:02:32,62.4,,,,,
2020-02-28 14:01:31,62.4,,,,,
2020-02-28 14:01:09,62.4,,,,,
2020-02-28 0:00:00,62.4,,,,,
2020-02-16 6:35:47,62.4,11.4,2.8,48.2,39.2,
2020-02-15 0:00:00,62.4,,,,,
2020-02-07 7:31:32,62.2,11.2,2.8,48.2,39.2,
2020-02-06 0:00:00,62.2,,,,,
2020-02-02 11:41:25,61.8,11,2.6,48.2,39,
2020-02-02 0:00:00,61.8,,,,,
2020-01-31 7:41:06,61.6,11.4,2.6,47.6,38.2,
2020-01-30 7:24:02,62.4,11,2.8,48.6,39.59,
2020-01-30 0:00:00,61.6,,,,,
2020-01-29 9:05:05,62.6,11.4,2.8,48.4,39.4,
2020-01-29 0:00:00,62.4,,,,,
2020-01-23 7:35:49,62.8,11.2,2.8,48.8,39.8,
2020-01-22 0:00:00,62.8,,,,,
2020-01-16 7:32:13,60.8,10,2.6,48.2,39.2,
2020-01-16 7:31:52,61,,,,,
2020-01-15 7:43:18,61.8,10.8,2.8,48.2,39.4,
2020-01-15 0:00:00,60.8,,,,,
2020-01-14 0:00:00,61.8,,,,,
2020-01-13 7:53:40,62.4,,,,,
2020-01-12 12:40:01,63,11.6,2.8,48.6,39.4,
2020-01-12 0:00:00,62.4,,,,,
2020-01-10 7:09:01,62.4,11.2,2.8,48.4,39.4,
2020-01-09 0:00:00,62.4,,,,,
2020-01-07 5:40:22,61,11,2.6,47.4,38.4,
2020-01-06 0:00:00,61,,,,,
2020-01-05 10:23:51,62.2,11.2,2.8,48.2,39.2,
2020-01-05 0:00:00,62.2,,,,,
2020-01-04 10:23:19,62.8,10.6,2.8,49.4,40.8,
2020-01-04 0:00:00,62.8,,,,,
2020-01-01 5:17:34,61.8,11.2,2.6,48,38.8,
2020-01-01 5:16:20,62,11,2.8,48.2,39.2,
2019-12-31 0:00:00,61.8,,,,,
2019-12-30 9:40:14,61.6,11,2.6,48,39,
2019-12-30 0:00:00,61.6,,,,,
2019-12-23 7:36:09,60.6,10.2,2.6,47.8,38.8,
2019-12-22 10:16:38,60.8,10.4,2.6,47.8,38.8,
2019-12-22 0:00:00,60.6,,,,,
2019-12-20 7:45:33,62.4,10,2.8,49.6,41.2,
2019-12-19 0:00:00,62.4,,,,,
2019-12-18 6:58:07,61.4,10.4,2.6,48.4,39.4,
2019-12-17 0:00:00,61.4,,,,,
2019-12-16 0:00:00,57.8,,,,,
2019-12-13 7:43:16,59.8,9.8,2.6,47.4,38.4,
2019-12-12 7:05:28,60.8,10.2,2.6,48,39,
2019-12-12 0:00:00,59.8,,,,,
2019-12-11 0:00:00,60.8,,,,,
2019-12-10 8:25:33,59.4,9.2,2.6,47.6,39.2,
2019-12-10 0:00:00,59.4,,,,,
2019-12-09 7:40:11,61,9.8,2.8,48.4,40,
2019-12-08 0:00:00,61,,,,,
2019-12-06 4:38:21,60,9.6,2.6,47.8,39,
2019-12-05 8:20:47,60.4,9.8,2.6,48,39.4,
2019-12-05 0:00:00,60,,,,,
2019-12-04 10:54:40,60.6,9.6,2.8,48.2,39.8,
2019-12-04 0:00:00,60.6,,,,,
2019-12-03 7:51:02,59.4,9.39,2.6,47.4,38.59,
2019-12-02 10:02:31,59.4,9.8,2.6,47,38.2,
2019-12-02 0:00:00,59.4,,,,,
2019-12-01 9:26:54,59.4,,,,,
2019-12-01 0:00:00,59.4,,,,,
2019-11-30 8:51:27,59.6,9.6,2.6,47.4,38.59,
2019-11-30 0:00:00,59.6,,,,,
2019-11-29 7:00:51,59.4,9.39,2.6,47.4,38.59,
2019-11-29 0:00:00,59.4,,,,,
2019-11-28 7:21:11,59.6,9.8,2.6,47.2,38.4,
2019-11-28 0:00:00,60.4,,,,,
2019-11-27 7:05:44,59.2,9.6,2.6,47,38,
2019-11-27 0:00:00,59.6,,,,,
2019-11-26 8:33:46,59.6,9.8,2.6,47.2,38.4,
2019-11-26 0:00:00,59.6,,,,,
2019-11-25 7:18:56,59.6,9.6,2.6,47.4,38.59,
2019-11-24 6:56:16,59,9.39,2.6,47,38.2,
2019-11-24 0:00:00,59.6,,,,,
2019-11-23 9:17:00,59.6,9.39,2.6,47.6,39,
2019-11-23 0:00:00,59,,,,,
2019-11-22 7:49:57,59.8,10,2.6,47.2,38.4,
2019-11-21 7:49:14,59.6,9.8,2.6,47.2,38.4,
2019-11-21 0:00:00,59.8,,,,,
2019-11-20 10:35:26,60,9.8,2.6,47.6,38.8,
2019-11-20 0:00:00,59.6,,,,,
2019-11-19 7:17:58,60.4,9.39,2.6,48.4,39.8,
2019-11-18 7:39:02,61,10.4,2.6,48,39,
2019-11-18 0:00:00,60.4,,,,,
2019-11-17 9:37:14,60.8,10.4,2.6,47.8,39,
2019-11-17 0:00:00,61,,,,,
2019-11-16 6:43:52,60.2,10,2.6,47.6,38.59,
2019-11-15 0:00:00,60.2,,,,,
2019-11-14 7:34:40,60.4,9.8,2.6,48,39.2,
2019-11-13 7:47:36,60.6,10.4,2.6,47.6,38.8,
2019-11-13 0:00:00,60.4,,,,,
2019-11-12 8:09:09,60.2,10.2,2.6,47.4,38.59,
2019-11-12 0:00:00,60.6,,,,,
2019-11-11 7:41:12,61.8,10.6,2.8,48.4,39.59,
2019-11-10 0:00:00,61.8,,,,,
2019-11-09 9:25:48,60.4,10.2,2.6,47.6,38.59,
2019-11-09 0:00:00,60.4,,,,,
2019-11-08 6:27:10,59.8,10.2,2.6,47,38.2,
2019-11-07 6:55:00,59.6,10.4,2.6,46.6,37.4,
2019-11-07 0:00:00,59.8,,,,,
2019-11-06 9:16:32,60,9.8,2.6,47.6,38.59,
2019-11-06 0:00:00,59.6,,,,,
2019-11-05 6:12:42,61.2,10.2,2.6,48.4,39.4,
2019-11-04 6:14:36,60.4,10.2,2.6,47.6,38.8,
2019-11-04 0:00:00,61.2,,,,,
2019-11-03 7:17:31,61,10.8,2.6,47.6,38.4,
2019-11-03 0:00:00,60.4,,,,,
2019-11-02 6:56:06,60.2,10.6,2.6,47,37.8,
2019-11-01 6:55:04,60.2,10.8,2.6,46.8,37.8,
2019-10-31 6:51:01,60.6,10.2,2.6,47.8,38.8,
2019-10-30 6:55:20,60.6,10.6,2.6,47.4,38.4,
2019-10-29 5:47:14,60.8,10.2,2.6,48,39,
2019-10-28 6:52:16,60.8,10.6,2.6,47.6,38.4,
2019-10-27 12:09:25,61.8,11,2.6,48.2,39.2,
2019-10-26 5:43:16,60.8,10.8,2.6,47.4,38.4,
2019-10-25 6:58:15,61,10.8,2.6,47.6,38.4,
2019-10-24 7:04:31,61,11,2.6,47.4,38.2,
2019-10-23 10:16:48,60.8,10.6,2.6,47.6,38.59,
2019-10-22 7:12:02,61.2,11.2,2.6,47.4,38.4,
2019-10-21 6:48:11,61.8,11,2.6,48.2,39,
2019-10-20 6:37:49,62,11,2.8,48.2,39.4,
2019-10-19 6:46:27,61.2,11.4,2.6,47.2,38,
2019-10-18 6:44:13,60.8,11,2.6,47.2,38,
2019-10-17 8:31:12,61.6,11.2,2.6,47.8,38.59,
2019-10-16 6:55:39,61.6,11.8,2.6,47.2,38,
2019-10-15 7:17:38,62,11.6,2.6,47.8,38.59,
2019-10-10 6:52:55,61.8,10.8,2.8,48.2,39.4,
2019-10-09 8:06:02,61.4,11,2.6,47.8,38.59,
2019-10-08 7:39:22,61.6,10.8,2.6,48.2,39.2,
2019-10-06 10:26:29,61.8,11.4,2.6,47.8,38.59,
2019-10-05 7:05:38,62.2,11.6,2.6,48,38.59,
2019-10-04 6:48:57,62.2,11.4,2.6,48.2,38.8,
2019-10-03 7:51:59,62.2,11.2,2.8,48.2,39.2,
2019-10-02 8:30:06,62.2,11.2,2.8,48.2,39.2,
2019-09-30 9:40:18,62.8,11.2,2.8,48.8,39.8,
2019-09-29 6:41:12,62.8,11.2,2.8,48.8,39.8,
2019-09-27 7:00:06,62,,,,,
2019-09-27 5:48:20,62.6,12.8,2.6,47.2,38,
2019-09-24 5:13:05,61.2,11.4,2.6,47.2,38,
2019-09-23 7:15:08,61.2,11,2.6,47.6,38.59,
2019-09-20 7:39:15,61.6,11.8,2.6,47.2,38,
2019-09-19 6:13:27,62.2,11.6,2.6,48,38.8,
2019-09-18 9:25:59,62.2,11,2.8,48.4,39.59,
2019-09-16 11:49:15,62.2,11.4,2.6,48.2,39,
2019-09-15 7:43:19,62.8,11.8,2.8,48.2,39.2,
2019-09-12 7:10:20,62.2,11.6,2.6,48,38.8,
2019-09-11 7:40:32,61.8,11,2.6,48.2,39.2,
2019-09-10 6:33:54,61.4,10.8,2.6,48,38.8,
2019-09-09 11:58:27,61.8,11,2.6,48.2,39,
2019-09-08 10:48:22,62.4,11.4,2.8,48.2,39.2,
2019-09-07 8:00:40,62.6,11.6,2.8,48.2,39.2,
2019-09-05 5:32:26,62.6,10.2,2.8,49.6,40.8,
2019-09-04 8:31:18,62.6,11,2.8,48.8,39.8,
2019-06-19 13:57:17,63.4,13.4,2.6,47.4,38,
2019-06-18 10:18:31,63.8,12.2,2.8,48.8,39.59,
2019-06-17 8:00:02,64.2,11.4,2.8,49.99,41,
2019-06-15 12:43:57,63.4,11.8,2.8,48.8,39.59,
2019-06-14 8:33:40,64.2,11.8,2.8,49.6,40.59,
2019-06-13 10:39:36,63.4,11.6,2.8,49,40,
2019-06-12 8:17:00,64.2,,,,,
2019-06-11 11:15:09,63.2,11.6,2.8,48.8,39.8,
2019-06-10 8:17:46,63.6,11.8,2.8,49,39.8,
2019-06-09 11:10:26,63,11.6,2.8,48.6,39.4,
2019-06-08 13:03:46,63,11.2,2.8,49,40,
2019-06-07 13:22:54,63.6,11.8,2.8,49,40,
2019-06-06 8:05:21,64.4,11.6,2.8,50,41,
2019-06-05 8:00:02,64.2,11.4,2.8,49.99,41,
2019-06-04 7:27:48,63.8,11.4,2.8,49.6,40.59,
2019-06-03 9:23:48,63.2,11.4,2.8,49,39.8,
2019-06-02 8:51:25,63.2,12,2.8,48.4,39.4,
2019-06-01 10:58:20,62.8,11.4,2.8,48.6,39.59,
2019-05-31 8:26:21,62.8,10.8,2.8,49.2,40.4,
2019-05-30 7:46:37,62.8,11.2,2.8,48.8,39.8,
2019-05-29 7:56:06,63.4,11.6,2.8,49,40,
2019-05-28 8:20:32,63.4,11.2,2.8,49.4,40.4,
2019-05-27 7:49:12,63.2,,,,,
2019-05-26 9:06:00,63,12,2.8,48.2,39.2,
2019-05-25 8:58:29,62.8,11.8,2.8,48.2,39,
2019-05-24 9:23:56,63.2,12,2.8,48.4,39.2,
2019-05-23 7:54:57,63.6,11.8,2.8,49,40,
2019-05-22 8:15:45,63.6,11.6,2.8,49.2,40.2,
2019-05-20 8:14:08,64.8,11.8,2.8,50.2,41,
2019-05-19 7:34:55,64.8,11.8,2.8,50.2,41.2,
2019-05-18 11:02:13,65,12.4,2.8,49.8,40.59,
2019-05-16 7:12:14,64.8,12.2,2.8,49.8,40.4,
2019-05-15 8:10:29,64.8,12.6,2.8,49.4,40.2,
2019-05-13 8:26:20,65.4,12.6,2.8,50,40.8,
2019-05-11 12:15:31,64.6,11.4,2.8,50.4,41.4,
2019-05-10 8:46:31,64.6,,,,,
2019-05-09 20:25:45,64.2,11.4,2.8,49.99,40.8,
2019-05-09 8:36:11,64,12.8,2.8,48.4,39.2,
2019-05-08 7:47:30,64,11.8,2.8,49.4,40.2,
2019-05-07 21:00:05,64.6,11.8,2.8,50,41,
2019-05-06 9:00:00,65.2,11.8,2.8,50.6,41.4,
2019-05-05 9:47:18,65.2,11.8,2.8,50.6,41.4,
2019-05-04 10:07:11,64.8,12.8,2.8,49.2,40,
2019-05-03 10:56:57,64,12.2,2.8,49,39.8,
2019-05-02 14:51:59,65.2,11.8,2.8,50.6,41.4,
2019-05-02 14:51:37,65.2,,,,,
2019-04-27 10:31:46,63.8,11.2,2.8,49.8,40.8,
2019-04-18 19:54:14,64.4,,,,,
2019-04-16 21:10:11,63.4,11.4,2.8,49.2,40,
2019-04-16 7:38:55,63.8,,,,,
2019-04-14 10:48:29,64.6,12,2.8,49.8,40.59,
2019-04-11 20:34:07,64.2,12,2.8,49.4,40.4,
2019-04-08 8:01:15,64.8,8.39,2.8,53.6,41.2,
2019-04-07 9:55:41,64,8.39,2.8,52.8,40.59,
2019-04-03 7:50:16,64.4,8.6,2.8,53,40.8,
2019-03-26 7:29:24,63.6,7.6,2.8,53.2,41.4,
2019-03-23 11:31:48,62.4,7.6,2.8,52,40,
2019-03-22 8:08:41,63,8.2,2.8,52,39.8,
2019-03-19 7:39:11,63,7.6,2.8,52.6,40.59,
2019-03-18 7:47:02,63.2,7.8,2.8,52.6,40.4,
2019-03-17 11:03:28,62.4,7.8,2.8,51.8,39.8,
2019-03-14 8:09:05,63.4,7.8,2.8,52.8,40.8,
2019-03-13 6:50:51,63.8,7.4,2.8,53.6,41.8,
2019-03-08 7:51:43,62.6,7.8,2.8,52,40,
2019-03-07 7:32:22,62.2,7.6,2.8,51.8,39.8,
2019-03-04 7:52:43,62.6,7.8,2.8,52,40,
2019-03-03 7:41:41,63,7.4,2.8,52.8,40.8,
2019-03-02 10:40:59,61.8,7.4,2.8,51.6,39.8,
2019-02-05 19:04:51,62.8,8,2.8,52,39.8,
2019-02-01 18:30:50,62.6,8.6,2.6,51.4,39,
2019-02-01 6:58:57,63.2,8.6,2.8,51.8,39.59,
2019-01-31 21:31:48,62.8,8,2.8,52,39.8,
2019-01-31 7:29:07,64.2,8.39,2.8,52.99,40.59,
2019-01-30 20:23:00,63.6,8.2,2.8,52.6,40.4,
2019-01-29 17:39:11,63.6,8.39,2.8,52.4,40.2,
2019-01-26 13:08:20,63.6,8.39,2.8,52.4,40.2,
2019-01-23 6:35:03,64.8,8.39,2.8,53.6,41.2,
2019-01-22 7:22:06,64.2,8.6,2.8,52.8,40.4,
2019-01-21 20:09:04,63.6,8.39,2.8,52.4,40.2,
2019-01-21 8:12:00,64.6,8.8,2.8,53,40.59,
2019-01-18 6:43:44,63.4,8.8,2.8,51.8,39.59,
2019-01-17 22:43:12,63.2,8,2.8,52.4,40.2,
2019-01-17 7:08:52,64,9.2,2.8,52,39.59,
2019-01-16 19:58:47,63.8,8.2,2.8,52.8,40.59,
2019-01-16 8:02:37,63.6,9,2.8,51.8,39.4,
2019-01-15 20:44:49,63.4,8,2.8,52.6,40.59,
2019-01-15 7:40:48,63.8,9,2.8,52,39.59,
2019-01-14 20:40:34,63.6,8.39,2.8,52.4,40.2,
2019-01-14 10:05:21,63.4,8.39,2.8,52.2,40,
2019-01-13 18:44:52,63.6,8,2.8,52.8,40.59,
2019-01-13 6:53:13,63.6,8.6,2.8,52.2,39.8,
2019-01-12 23:37:32,63.2,8.6,2.8,51.8,39.59,
2019-01-12 6:59:45,63.6,9,2.8,51.8,39.4,
2019-01-11 23:43:56,63.6,8.2,2.8,52.6,40.2,
2019-01-11 7:22:18,63.8,9,2.8,52,39.59,
2019-01-10 20:17:34,63.6,8,2.8,52.8,40.59,
2019-01-10 6:37:08,64.2,9,2.8,52.4,40,
2019-01-09 20:29:50,64,8.6,2.8,52.6,40.4,
2019-01-09 7:46:29,63.6,8.8,2.8,52,39.8,
2019-01-08 20:04:30,63.6,8.2,2.8,52.6,40.4,
2019-01-08 6:44:16,64.6,8.8,2.8,53,40.59,
2019-01-07 20:29:05,64.2,8.6,2.8,52.8,40.4,
2019-01-07 6:43:26,64.2,9,2.8,52.4,40,
2019-01-06 21:42:40,63.6,8.2,2.8,52.6,40.4,
2019-01-06 8:26:02,64,9,2.8,52.2,40,
2019-01-05 19:48:55,63.8,9,2.8,52,39.8,
2019-01-05 9:29:21,64,9,2.8,52.2,39.8,
2019-01-04 21:10:51,63.8,8.8,2.8,52.2,40,
2019-01-04 9:07:55,64.8,9,2.8,53,40.59,
2019-01-03 23:29:53,65.4,9,2.8,53.6,41.2,
2018-12-30 6:15:27,63.2,8.6,2.8,51.8,39.59,
2018-12-29 18:02:21,63.2,9,2.8,51.4,39.2,
2018-12-29 14:23:13,63.2,9.2,2.8,51.2,39,
2018-12-29 9:24:26,62.8,8.8,2.8,51.2,39,
2018-12-28 20:08:24,62.6,9,2.6,51,38.59,
2018-12-28 12:28:51,63,8.8,2.8,51.4,39.2,
2018-12-28 11:49:36,63.2,9.2,2.8,51.2,38.8,
2018-12-27 17:02:31,63.4,9,2.8,51.6,39.4,
2018-12-27 17:02:03,63.4,,,,,
2018-12-27 5:43:38,63.4,9.39,2.8,51.2,39,
2018-12-26 18:33:06,63.4,8.8,2.8,51.8,39.59,
2018-12-26 11:31:27,64.6,,,,,
2018-12-26 8:50:58,64.2,9.2,2.8,52.19,39.8,
2018-12-25 8:00:13,64.6,9,2.8,52.8,40.4,
2018-12-24 14:00:46,64.6,9.6,2.8,52.2,39.59,
2018-12-24 13:55:38,64.8,9.6,2.8,52.4,40,
2018-12-24 13:55:17,64.8,,,,,
2018-12-24 13:54:38,64.8,9.39,2.8,52.6,40,